{
  "id": "/subscriptions/16de2316-3ab0-4be5-878c-7a6302c3faa4/resourceGroups/LanguageBot/providers/Microsoft.Resources/deployments/Microsoft.Template-20240730180717",
  "name": "Microsoft.Template-20240730180717",
  "type": "Microsoft.Resources/deployments",
  "properties": {
    "templateLink": {
      "uri": "https://dev.botframework.com/api/custom/template",
      "contentVersion": "1.0.0.0"
    },
    "templateHash": "4462257729060078624",
    "parameters": {
      "botId": {
        "type": "String",
        "value": "TestChatBot-123-bot"
      },
      "location": {
        "type": "String",
        "value": "global"
      },
      "sku": {
        "type": "String",
        "value": "S1"
      },
      "siteName": {
        "type": "String",
        "value": "TestChatBot-123-bot-3f5e"
      },
      "appServiceLocation": {
        "type": "String",
        "value": ""
      },
      "appId": {
        "type": "String",
        "value": ""
      },
      "tenantId": {
        "type": "String",
        "value": ""
      },
      "resourceId": {
        "type": "String",
        "value": ""
      },
      "sdkLanguage": {
        "type": "String",
        "value": "C#"
      },
      "serverFarmId": {
        "type": "String",
        "value": ""
      },
      "qnAKnowledgebaseId": {
        "type": "String",
        "value": ""
      },
      "qnAEndpointKey": {
        "type": "String",
        "value": ""
      },
      "languageResourceKey": {
        "type": "String",
        "value": "1ff3bf82ddbe4e28928f3b8635da61fb"
      },
      "qnAEndpointHostName": {
        "type": "String",
        "value": ""
      },
      "projectName": {
        "type": "String",
        "value": "Custom-QnA"
      },
      "languageEndpointHostName": {
        "type": "String",
        "value": "https://TestChatBot-123.cognitiveservices.azure.com"
      },
      "createNewApp": {
        "type": "Bool",
        "value": true
      },
      "createServerFarm": {
        "type": "Bool",
        "value": true
      },
      "serverFarmSku": {
        "type": "Object",
        "value": {
          "name": "S1",
          "tier": "Standard",
          "size": "S1",
          "family": "S",
          "capacity": 1
        }
      },
      "serverFarmName": {
        "type": "String",
        "value": "TestChatBot-123-serverfarm-c72b4f"
      }
    },
    "mode": "Incremental",
    "debugSetting": {
      "detailLevel": "None"
    },
    "provisioningState": "Succeeded",
    "timestamp": "2024-07-30T12:39:09.718416Z",
    "duration": "PT1M43.6927731S",
    "correlationId": "47654200-b931-45a2-bf02-6d1e29a90601",
    "providers": [
      {
        "namespace": "Microsoft.Web",
        "resourceTypes": [
          {
            "resourceType": "serverfarms",
            "locations": [
              "eastus"
            ]
          },
          {
            "resourceType": "sites",
            "locations": [
              "eastus"
            ]
          },
          {
            "resourceType": "sites/Extensions",
            "locations": [
              null
            ]
          }
        ]
      },
      {
        "namespace": "Microsoft.ManagedIdentity",
        "resourceTypes": [
          {
            "resourceType": "userAssignedIdentities",
            "locations": [
              "eastus"
            ]
          }
        ]
      },
      {
        "namespace": "Microsoft.BotService",
        "resourceTypes": [
          {
            "resourceType": "botServices",
            "locations": [
              "global"
            ]
          }
        ]
      }
    ],
    "dependencies": [
      {
        "dependsOn": [
          {
            "id": "/subscriptions/16de2316-3ab0-4be5-878c-7a6302c3faa4/resourceGroups/LanguageBot/providers/Microsoft.ManagedIdentity/userAssignedIdentities/TestChatBot-123-bot",
            "resourceType": "Microsoft.ManagedIdentity/userAssignedIdentities",
            "resourceName": "TestChatBot-123-bot"
          },
          {
            "id": "/subscriptions/16de2316-3ab0-4be5-878c-7a6302c3faa4/resourceGroups/LanguageBot/providers/Microsoft.Web/serverfarms/TestChatBot-123-serverfarm-c72b4f",
            "resourceType": "Microsoft.Web/serverfarms",
            "resourceName": "TestChatBot-123-serverfarm-c72b4f"
          }
        ],
        "id": "/subscriptions/16de2316-3ab0-4be5-878c-7a6302c3faa4/resourceGroups/LanguageBot/providers/Microsoft.Web/sites/TestChatBot-123-bot-3f5e",
        "resourceType": "Microsoft.Web/sites",
        "resourceName": "TestChatBot-123-bot-3f5e"
      },
      {
        "dependsOn": [
          {
            "id": "/subscriptions/16de2316-3ab0-4be5-878c-7a6302c3faa4/resourceGroups/LanguageBot/providers/Microsoft.Web/sites/TestChatBot-123-bot-3f5e",
            "resourceType": "Microsoft.Web/sites",
            "resourceName": "TestChatBot-123-bot-3f5e"
          }
        ],
        "id": "/subscriptions/16de2316-3ab0-4be5-878c-7a6302c3faa4/resourceGroups/LanguageBot/providers/Microsoft.Web/sites/TestChatBot-123-bot-3f5e/Extensions/MSDeploy",
        "resourceType": "Microsoft.Web/sites/Extensions",
        "resourceName": "TestChatBot-123-bot-3f5e/MSDeploy"
      },
      {
        "dependsOn": [
          {
            "id": "/subscriptions/16de2316-3ab0-4be5-878c-7a6302c3faa4/resourceGroups/LanguageBot/providers/Microsoft.ManagedIdentity/userAssignedIdentities/TestChatBot-123-bot",
            "resourceType": "Microsoft.ManagedIdentity/userAssignedIdentities",
            "resourceName": "TestChatBot-123-bot"
          },
          {
            "id": "/subscriptions/16de2316-3ab0-4be5-878c-7a6302c3faa4/resourceGroups/LanguageBot/providers/Microsoft.Web/sites/TestChatBot-123-bot-3f5e",
            "resourceType": "Microsoft.Web/sites",
            "resourceName": "TestChatBot-123-bot-3f5e"
          },
          {
            "id": "/subscriptions/16de2316-3ab0-4be5-878c-7a6302c3faa4/resourceGroups/LanguageBot/providers/Microsoft.Web/sites/TestChatBot-123-bot-3f5e/Extensions/MSDeploy",
            "resourceType": "Microsoft.Web/sites/Extensions",
            "resourceName": "TestChatBot-123-bot-3f5e/MSDeploy"
          }
        ],
        "id": "/subscriptions/16de2316-3ab0-4be5-878c-7a6302c3faa4/resourceGroups/LanguageBot/providers/Microsoft.BotService/botServices/TestChatBot-123-bot",
        "resourceType": "Microsoft.BotService/botServices",
        "resourceName": "TestChatBot-123-bot"
      }
    ],
    "outputResources": [
      {
        "id": "/subscriptions/16de2316-3ab0-4be5-878c-7a6302c3faa4/resourceGroups/LanguageBot/providers/Microsoft.BotService/botServices/TestChatBot-123-bot"
      },
      {
        "id": "/subscriptions/16de2316-3ab0-4be5-878c-7a6302c3faa4/resourceGroups/LanguageBot/providers/Microsoft.ManagedIdentity/userAssignedIdentities/TestChatBot-123-bot"
      },
      {
        "id": "/subscriptions/16de2316-3ab0-4be5-878c-7a6302c3faa4/resourceGroups/LanguageBot/providers/Microsoft.Web/serverfarms/TestChatBot-123-serverfarm-c72b4f"
      },
      {
        "id": "/subscriptions/16de2316-3ab0-4be5-878c-7a6302c3faa4/resourceGroups/LanguageBot/providers/Microsoft.Web/sites/TestChatBot-123-bot-3f5e"
      },
      {
        "id": "/subscriptions/16de2316-3ab0-4be5-878c-7a6302c3faa4/resourceGroups/LanguageBot/providers/Microsoft.Web/sites/TestChatBot-123-bot-3f5e/Extensions/MSDeploy"
      }
    ],
    "validationLevel": "Template"
  },
  "tags": {
    "marketplaceItemId": "Microsoft.Template"
  }
}