[
  {
    "id": "/subscriptions/16de2316-3ab0-4be5-878c-7a6302c3faa4/resourceGroups/LanguageBot/providers/Microsoft.Resources/deployments/Microsoft.Template-20240730180717/operations/06708CDB0F155B31",
    "operationId": "06708CDB0F155B31",
    "properties": {
      "provisioningOperation": "Create",
      "provisioningState": "Succeeded",
      "timestamp": "2024-07-30T12:39:09.6051646Z",
      "duration": "PT10.8109209S",
      "trackingId": "412bde74-343a-447c-9c8c-7f7651df940a",
      "statusCode": "Created",
      "targetResource": {
        "id": "/subscriptions/16de2316-3ab0-4be5-878c-7a6302c3faa4/resourceGroups/LanguageBot/providers/Microsoft.BotService/botServices/TestChatBot-123-bot",
        "resourceType": "Microsoft.BotService/botServices",
        "resourceName": "TestChatBot-123-bot"
      }
    }
  },
  {
    "id": "/subscriptions/16de2316-3ab0-4be5-878c-7a6302c3faa4/resourceGroups/LanguageBot/providers/Microsoft.Resources/deployments/Microsoft.Template-20240730180717/operations/95CE344FF5E97351",
    "operationId": "95CE344FF5E97351",
    "properties": {
      "provisioningOperation": "Create",
      "provisioningState": "Succeeded",
      "timestamp": "2024-07-30T12:38:58.7491444Z",
      "duration": "PT1M17.7281125S",
      "trackingId": "0db912e6-99b4-42b8-b12b-463295cb7c4e",
      "statusCode": "OK",
      "targetResource": {
        "id": "/subscriptions/16de2316-3ab0-4be5-878c-7a6302c3faa4/resourceGroups/LanguageBot/providers/Microsoft.Web/sites/TestChatBot-123-bot-3f5e/Extensions/MSDeploy",
        "resourceType": "Microsoft.Web/sites/Extensions",
        "resourceName": "TestChatBot-123-bot-3f5e/MSDeploy"
      }
    }
  },
  {
    "id": "/subscriptions/16de2316-3ab0-4be5-878c-7a6302c3faa4/resourceGroups/LanguageBot/providers/Microsoft.Resources/deployments/Microsoft.Template-20240730180717/operations/F6FFF18709EABA9B",
    "operationId": "F6FFF18709EABA9B",
    "properties": {
      "provisioningOperation": "Create",
      "provisioningState": "Succeeded",
      "timestamp": "2024-07-30T12:38:02.9669026Z",
      "duration": "PT21.9458707S",
      "trackingId": "06b22598-b5c4-4483-a5bd-463cb4743ccd",
      "statusCode": "OK",
      "targetResource": {
        "id": "/subscriptions/16de2316-3ab0-4be5-878c-7a6302c3faa4/resourceGroups/LanguageBot/providers/Microsoft.Web/sites/TestChatBot-123-bot-3f5e",
        "resourceType": "Microsoft.Web/sites",
        "resourceName": "TestChatBot-123-bot-3f5e"
      }
    }
  },
  {
    "id": "/subscriptions/16de2316-3ab0-4be5-878c-7a6302c3faa4/resourceGroups/LanguageBot/providers/Microsoft.Resources/deployments/Microsoft.Template-20240730180717/operations/B9DC65D0CDB72AAF",
    "operationId": "B9DC65D0CDB72AAF",
    "properties": {
      "provisioningOperation": "Create",
      "provisioningState": "Succeeded",
      "timestamp": "2024-07-30T12:37:40.7548063Z",
      "duration": "PT11.1679479S",
      "trackingId": "daeccff3-8cd0-487d-aa4c-38d7518e3087",
      "statusCode": "OK",
      "targetResource": {
        "id": "/subscriptions/16de2316-3ab0-4be5-878c-7a6302c3faa4/resourceGroups/LanguageBot/providers/Microsoft.Web/serverfarms/TestChatBot-123-serverfarm-c72b4f",
        "resourceType": "Microsoft.Web/serverfarms",
        "resourceName": "TestChatBot-123-serverfarm-c72b4f"
      }
    }
  },
  {
    "id": "/subscriptions/16de2316-3ab0-4be5-878c-7a6302c3faa4/resourceGroups/LanguageBot/providers/Microsoft.Resources/deployments/Microsoft.Template-20240730180717/operations/E97D09201FF5B41B",
    "operationId": "E97D09201FF5B41B",
    "properties": {
      "provisioningOperation": "Create",
      "provisioningState": "Succeeded",
      "timestamp": "2024-07-30T12:37:36.391712Z",
      "duration": "PT6.8048536S",
      "trackingId": "67c6d862-1599-4690-88e8-86d6dccbbe2d",
      "statusCode": "Created",
      "targetResource": {
        "id": "/subscriptions/16de2316-3ab0-4be5-878c-7a6302c3faa4/resourceGroups/LanguageBot/providers/Microsoft.ManagedIdentity/userAssignedIdentities/TestChatBot-123-bot",
        "resourceType": "Microsoft.ManagedIdentity/userAssignedIdentities",
        "resourceName": "TestChatBot-123-bot"
      }
    }
  },
  {
    "id": "/subscriptions/16de2316-3ab0-4be5-878c-7a6302c3faa4/resourceGroups/LanguageBot/providers/Microsoft.Resources/deployments/Microsoft.Template-20240730180717/operations/08584792638417323859",
    "operationId": "08584792638417323859",
    "properties": {
      "provisioningOperation": "EvaluateDeploymentOutput",
      "provisioningState": "Succeeded",
      "timestamp": "2024-07-30T12:39:09.6879795Z",
      "duration": "PT10.8937358S",
      "trackingId": "c3e36b58-f915-4364-936c-0d97aca8009e",
      "statusCode": "OK"
    }
  }
]